Review,feedback
Wow... Loved this place.,like
Crust is not good.,dislike
Not tasty and the texture was just nasty.,dislike
Stopped by during the late May bank holiday off Rick Steve recommendation and loved it.,like
The selection on the menu was great and so were the prices.,like
Now I am getting angry and I want my damn pho.,dislike
Honeslty it didn't taste THAT fresh.),dislike
The potatoes were like rubber and you could tell they had been made up ahead of time being kept under a warmer.,dislike
The fries were great too.,like
A great touch.,like
Service was very prompt.,like
Would not go back.,dislike
The cashier had no care what so ever on what I had to say it still ended up being wayyy overpriced.,dislike
"I tried the Cape Cod ravoli, chicken, with cranberry...mmmm!",like
I was disgusted because I was pretty sure that was human hair.,dislike
I was shocked because no signs indicate cash only.,dislike
Highly recommended.,like
Waitress was a little slow in service.,dislike
"This place is not worth your time, let alone Vegas.",dislike
did not like at all.,dislike
The Burrittos Blah!,dislike
"The food, amazing.",like
Service is also cute.,like
I could care less... The interior is just beautiful.,like
So they performed.,like
That's right....the red velvet cake.....ohhh this stuff is so good.,like
#NAME?,dislike
"This hole in the wall has great Mexican street tacos, and friendly staff.",like
"Took an hour to get our food only 4 tables in restaurant my food was Luke warm, Our sever was running around like he was totally overwhelmed.",dislike
The worst was the salmon sashimi.,dislike
"Also there are combos like a burger, fries, and beer for 23 which is a decent deal.",like
This was like the final blow!,dislike
I found this place by accident and I could not be happier.,like
"seems like a good quick place to grab a bite of some familiar pub food, but do yourself a favor and look elsewhere.",dislike
"Overall, I like this place a lot.",like
The only redeeming quality of the restaurant was that it was very inexpensive.,like
Ample portions and good prices.,like
"Poor service, the waiter made me feel like I was stupid every time he came to the table.",dislike
My first visit to Hiro was a delight!,like
Service sucks.,dislike
The shrimp tender and moist.,like
There is not a deal good enough that would drag me into that establishment again.,dislike
Hard to judge whether these sides were good because we were grossed out by the melted styrofoam and didn't want to eat it for fear of getting sick.,dislike
"On a positive note, our server was very attentive and provided great service.",like
"Frozen pucks of disgust, with some of the worst people behind the register.",dislike
The only thing I did like was the prime rib and dessert section.,like
It's too bad the food is so damn generic.,dislike
"The burger is good beef, cooked just right.",like
If you want a sandwich just go to any Firehouse!!!!!,like
"My side Greek salad with the Greek dressing was so tasty, and the pita and hummus was very refreshing.",like
We ordered the duck rare and it was pink and tender on the inside with a nice char on the outside.,like
He came running after us when he realized my husband had left his sunglasses on the table.,like
Their chow mein is so good!,like
"They have horrible attitudes towards customers, and talk down to each one when customers don't enjoy their food.",dislike
The portion was huge!,like
"Loved it...friendly servers, great food, wonderful and imaginative menu.",like
The Heart Attack Grill in downtown Vegas is an absolutely flat-lined excuse for a restaurant.,dislike
Not much seafood and like 5 strings of pasta at the bottom.,dislike
"The salad had just the right amount of sauce to not over power the scallop, which was perfectly cooked.",like
"The ripped banana was not only ripped, but petrified and tasteless.",dislike
At least think to refill my water before I struggle to wave you over for 10 minutes.,dislike
This place receives stars for their APPETIZERS!!!,like
The cocktails are all handmade and delicious.,like
We'd definitely go back here again.,like
We are so glad we found this place.,like
"Great food and service, huge portions and they give a military discount.",like
Always a great time at Dos Gringos!,like
Update.....went back for a second time and it was still just as amazing,like
We got the food and apparently they have never heard of salt and the batter on the fish was chewy.,dislike
A great way to finish a great.,like
"The deal included 5 tastings and 2 drinks, and Jeff went above and beyond what we expected.",like
#NAME?,like
The service was meh.,dislike
"It took over 30 min to get their milkshake, which was nothing more than chocolate milk.",dislike
"I guess I should have known that this place would suck, because it is inside of the Excalibur, but I didn't use my common sense.",dislike
The scallop dish is quite appalling for value as well.,dislike
2 times - Very Bad Customer Service !,dislike
The sweet potato fries were very good and seasoned well.,like
Today is the second time I've been to their lunch buffet and it was pretty good.,like
There is so much good food in Vegas that I feel cheated for wasting an eating opportunity by going to Rice and Company.,dislike
Coming here is like experiencing an underwhelming relationship where both parties can't wait for the other person to ask to break up.,dislike
walked in and the place smelled like an old grease trap and only 2 others there eating.,dislike
The turkey and roast beef were bland.,dislike
This place has it!,like
The pan cakes everyone are raving about taste like a sugary disaster tailored to the palate of a six year old.,dislike
I love the Pho and the spring rolls oh so yummy you have to try.,like
The poor batter to meat ratio made the chicken tenders very unsatisfying.,dislike
All I have to say is the food was amazing!!!,like
Omelets are to die for!,like
Everything was fresh and delicious!,like
"In summary, this was a largely disappointing dining experience.",dislike
"It's like a really sexy party in your mouth, where you're outrageously flirting with the hottest person at the party.",like
"Never been to Hard Rock Casino before, WILL NEVER EVER STEP FORWARD IN IT AGAIN!",dislike
Best breakfast buffet!!!,like
say bye bye to your tip lady!,dislike
We'll never go again.,dislike
Will be back again!,like
Food arrived quickly!,like
It was not good.,dislike
"On the up side, their cafe serves really good food.",like
"Our server was fantastic and when he found out the wife loves roasted garlic and bone marrow, he added extra to our meal and another marrow to go!",like
"The only good thing was our waiter, he was very helpful and kept the bloddy mary's coming.",like
"Best Buffet in town, for the price you cannot beat it.",like
"I LOVED their mussels cooked in this wine reduction, the duck was tender, and their potato dishes were delicious.",like
This is one of the better buffets that I have been to.,like
So we went to Tigerlilly and had a fantastic afternoon!,like
"The food was delicious, our bartender was attentive and personable AND we got a great deal!",like
The ambience is wonderful and there is music playing.,like
Will go back next trip out.,like
Sooooo good!!,like
"REAL sushi lovers, let's be honest - Yama is not that good.",dislike
"At least 40min passed in between us ordering and the food arriving, and it wasn't that busy.",dislike
This is a really fantastic Thai restaurant which is definitely worth a visit.,like
"Nice, spicy and tender.",like
Good prices.,like
Check it out.,like
It was pretty gross!,dislike
I've had better atmosphere.,dislike
Kind of hard to mess up a steak but they did.,dislike
"Although I very much liked the look and sound of this place, the actual experience was a bit disappointing.",dislike
I just don't know how this place managed to served the blandest food I have ever eaten when they are preparing Indian cuisine.,dislike
"Worst service to boot, but that is the least of their worries.",dislike
Service was fine and the waitress was friendly.,like
"The guys all had steaks, and our steak loving son who has had steak at the best and worst places said it was the best steak he's ever eaten.",like
"We thought you'd have to venture further away to get good sushi, but this place really hit the spot that night.",like
"Host staff were, for lack of a better word, BITCHES!",dislike
Bland... Not a liking this place for a number of reasons and I don't want to waste time on bad reviewing.. I'll leave it at that...,dislike
"Phenomenal food, service and ambiance.",like
I wouldn't return.,dislike
"Definitely worth venturing off the strip for the pork belly, will return next time I'm in Vegas.",like
This place is way too overpriced for mediocre food.,dislike
Penne vodka excellent!,like
"They have a good selection of food including a massive meatloaf sandwich, a crispy chicken wrap, a delish tuna melt and some tasty burgers.",like
The management is rude.,dislike
"Delicious NYC bagels, good selections of cream cheese, real Lox with capers even.",like
"Great Subway, in fact it's so good when you come here every other Subway will not meet your expectations.",like
I had a seriously solid breakfast here.,like
This is one of the best bars with food in Vegas.,like
"He was extremely rude and really, there are so many other restaurants I would love to dine at during a weekend in Vegas.",dislike
My drink was never empty and he made some really great menu suggestions.,like
Don't do it!!!!,dislike
The waiter wasn't helpful or friendly and rarely checked on us.,dislike
My husband and I ate lunch here and were very disappointed with the food and service.,dislike
And the red curry had so much bamboo shoots and wasn't very tasty to me.,dislike
Nice blanket of moz over top but i feel like this was done to cover up the subpar food.,like
The bathrooms are clean and the place itself is well decorated.,like
"The menu is always changing, food quality is going down & service is extremely slow.",dislike
"The service was a little slow , considering that were served by 3 people servers so the food was coming in a slow pace.",dislike
I give it 2 thumbs down,dislike
We watched our waiter pay a lot more attention to other tables and ignore us.,dislike
My fiancé and I came in the middle of the day and we were greeted and seated right away.,like
This is a great restaurant at the Mandalay Bay.,like
We waited for forty five minutes in vain.,dislike
Crostini that came with the salad was stale.,dislike
Some highlights : Great quality nigiri here!,like
the staff is friendly and the joint is always clean.,like
this was a different cut than the piece the other day but still wonderful and tender s well as well flavored.,like
I ordered the Voodoo pasta and it was the first time I'd had really excellent pasta since going gluten free several years ago.,like
this place is good.,like
"Unfortunately, we must have hit the bakery on leftover day because everything we ordered was STALE.",dislike
I came back today since they relocated and still not impressed.,dislike
I was seated immediately.,like
"Their menu is diverse, and reasonably priced.",like
Avoid at all cost!,dislike
Restaurant is always full but never a wait.,like
DELICIOUS!!,like
This place is hands-down one of the best places to eat in the Phoenix metro area.,like
So don't go there if you are looking for good food...,dislike
I've never been treated so bad.,dislike
Bacon is hella salty.,like
"We also ordered the spinach and avocado salad, the ingredients were sad and the dressing literally had zero taste.",dislike
"This really is how Vegas fine dining used to be, right down to the menus handed to the ladies that have no prices listed.",like
The waitresses are very friendly.,like
"Lordy, the Khao Soi is a dish that is not to be missed for curry lovers!",like
Everything on the menu is terrific and we were also thrilled that they made amazing accommodations for our vegetarian daughter.,like
"Perhaps I caught them on an off night judging by the other reviews, but I'm not inspired to go back.",dislike
The service here leaves a lot to be desired.,dislike
"The atmosphere is modern and hip, while maintaining a touch of coziness.",like
"Not a weekly haunt, but definitely a place to come back to every once in a while.",like
We literally sat there for 20 minutes with no one asking to take our order.,dislike
"The burger had absolutely no flavor - the meat itself was totally bland, the burger was overcooked and there was no charcoal flavor.",dislike
I also decided not to send it back because our waitress looked like she was on the verge of having a heart attack.,dislike
I dressed up to be treated so rudely!,dislike
It was probably dirt.,dislike
"Love this place, hits the spot when I want something healthy but not lacking in quantity or flavor.",like
I ordered the Lemon raspberry ice cocktail which was also incredible.,like
"The food sucked, which we expected but it sucked more than we could have imagined.",dislike
Interesting decor.,like
What I really like there is the crepe station.,like
"Also were served hot bread and butter, and home made potato chips with bacon bits on top....very original and very good.",like
you can watch them preparing the delicious food!),like
Both of the egg rolls were fantastic.,like
"When my order arrived, one of the gyros was missing.",dislike
"I had a salad with the wings, and some ice cream for dessert and left feeling quite satisfied.",like
I'm not really sure how Joey's was voted best hot dog in the Valley by readers of Phoenix Magazine.,like
The best place to go for a tasty bowl of Pho!,like
The live music on Fridays totally blows.,dislike
I've never been more insulted or felt disrespected.,dislike
Very friendly staff.,like
It is worth the drive.,like
"I had heard good things about this place, but it exceeding every hope I could have dreamed of.",like
Food was great and so was the serivce!,like
The warm beer didn't help.,dislike
Great brunch spot.,like
Service is friendly and inviting.,like
Very good lunch spot.,like
I've lived here since 1979 and this was the first (and last) time I've stepped foot into this place.,dislike
The WORST EXPERIENCE EVER.,dislike
Must have been an off night at this place.,dislike
"The sides are delish - mixed mushrooms, yukon gold puree, white corn - beateous.",like
"If that bug never showed up I would have given a 4 for sure, but on the other side of the wall where this bug was climbing was the kitchen.",dislike
"For about 10 minutes, we we're waiting for her salad when we realized that it wasn't coming any time soon.",dislike
My friend loved the salmon tartar.,like
Won't go back.,dislike
Extremely Tasty!,like
Waitress was good though!,like
Soggy and not good.,dislike
The Jamaican mojitos are delicious.,like
Which are small and not worth the price.,dislike
#NAME?,like
"The shower area is outside so you can only rinse, not take a full shower, unless you don't mind being nude for everyone to see!",dislike
The service was a bit lacking.,dislike
"Lobster Bisque, Bussell Sprouts, Risotto, Filet ALL needed salt and pepper..and of course there is none at the tables.",dislike
Hopefully this bodes for them going out of business and someone who can cook can come in.,dislike
"It was either too cold, not enough flavor or just bad.",dislike
I loved the bacon wrapped dates.,like
This is an unbelievable BARGAIN!,like
The folks at Otto always make us feel so welcome and special.,like
"As for the ""mains,"" also uninspired.",dislike
This is the place where I first had pho and it was amazing!!,like
This wonderful experience made this place a must-stop whenever we are in town again.,like
"If the food isn't bad enough for you, then enjoy dealing with the world's worst/annoying drunk people.",dislike
Very very fun chef.,like
"Ordered a double cheeseburger & got a single patty that was falling apart (picture uploaded) Yeah, still sucks.",dislike
Great place to have a couple drinks and watch any and all sporting events as the walls are covered with TV's.,like
"If it were possible to give them zero stars, they'd have it.",dislike
"The descriptions said ""yum yum sauce"" and another said ""eel sauce"", yet another said ""spicy mayo""...well NONE of the rolls had sauces on them.",dislike
"I'd say that would be the hardest decision... Honestly, all of M's dishes taste how they are supposed to taste (amazing).",like
If she had not rolled the eyes we may have stayed... Not sure if we will go back and try it again.,dislike
"Everyone is very attentive, providing excellent customer service.",like
Horrible - don't waste your time and money.,dislike
Now this dish was quite flavourful.,like
By this time our side of the restaurant was almost empty so there was no excuse.,dislike
"(It wasn't busy either) Also, the building was FREEZING cold.",dislike
"like the other reviewer said ""you couldn't pay me to eat at this place again.""",dislike
-Drinks took close to 30 minutes to come out at one point.,dislike
"Seriously flavorful delights, folks.",like
Much better than the other AYCE sushi place I went to in Vegas.,like
The lighting is just dark enough to set the mood.,like
Based on the sub-par service I received and no effort to show their gratitude for my business I won't be going back.,dislike
Owner's are really great people.!,like
There is nothing privileged about working/eating there.,dislike
The Greek dressing was very creamy and flavorful.,like
"Overall, I don't think that I would take my parents to this place again because they made most of the similar complaints that I silently felt too.",dislike
Now the pizza itself was good the peanut sauce was very tasty.,like
We had 7 at our table and the service was pretty fast.,like
Fantastic service here.,like
I as well would've given godfathers zero stars if possible.,dislike
They know how to make them here.,like
very tough and very short on flavor!,dislike
I hope this place sticks around.,like
"I have been in more than a few bars in Vegas, and do not ever recall being charged for tap water.",dislike
The restaurant atmosphere was exquisite.,like
"Good service, very clean, and inexpensive, to boot!",like
The seafood was fresh and generous in portion.,like
"Plus, it's only 8 bucks.",like
"The service was not up to par, either.",dislike
"Thus far, have only visited twice and the food was absolutely delicious each time.",like
Just as good as when I had it more than a year ago!,like
"For a self proclaimed coffee cafe, I was wildly disappointed.",dislike
The Veggitarian platter is out of this world!,like
You cant go wrong with any of the food here.,like
You can't beat that.,like
"Stopped by this place while in Madison for the Ironman, very friendly, kind staff.",like
The chefs were friendly and did a good job.,like
"I've had better, not only from dedicated boba tea spots, but even from Jenni Pho.",dislike
I liked the patio and the service was outstanding.,like
The goat taco didn't skimp on the meat and wow what FLAVOR!,like
I think not again,dislike
I had the mac salad and it was pretty bland so I will not be getting that again.,dislike
I went to Bachi Burger on a friend's recommendation and was not disappointed.,like
Service stinks here!,dislike
I waited and waited.,dislike
"This place is not quality sushi, it is not a quality restaurant.",dislike
I would definitely recommend the wings as well as the pizza.,like
Great Pizza and Salads!,like
Things that went wrong: - They burned the saganaki.,dislike
We waited an hour for what was a breakfast I could have done 100 times better at home.,dislike
This place is amazing!,like
"I hate to disagree with my fellow Yelpers, but my husband and I were so disappointed with this place.",dislike
Waited 2 hours & never got either of our pizzas as many other around us who came in later did!,dislike
Just don't know why they were so slow.,dislike
"The staff is great, the food is delish, and they have an incredible beer selection.",like
"I live in the neighborhood so I am disappointed I won't be back here, because it is a convenient location.",dislike
I didn't know pulled pork could be soooo delicious.,like
"You get incredibly fresh fish, prepared with care.",like
Before I go in to why I gave a 1 star rating please know that this was my third time eating at Bachi burger before writing a review.,dislike
I love the fact that everything on their menu is worth it.,like
Never again will I be dining at this place!,dislike
The food was excellent and service was very good.,like
Good beer & drink selection and good food selection.,like
Please stay away from the shrimp stir fried noodles.,dislike
The potato chip order was sad... I could probably count how many chips were in that box and it was probably around 12.,dislike
Food was really boring.,dislike
Good Service-check!,like
This greedy corporation will NEVER see another dime from me!,dislike
"Will never, ever go back.",dislike
"As much as I'd like to go back, I can't get passed the atrocious service and will never return.",dislike
"In the summer, you can dine in a charming outdoor patio - so very delightful.",like
I did not expect this to be so good!,like
Fantastic food!,like
She ordered a toasted English muffin that came out untoasted.,dislike
The food was very good.,like
Never going back.,dislike
"Great food for the price, which is very high quality and house made.",like
The bus boy on the other hand was so rude.,dislike
"By this point, my friends and I had basically figured out this place was a joke and didn't mind making it publicly and loudly known.",dislike
"Back to good BBQ, lighter fare, reasonable pricing and tell the public they are back to the old ways.",like
"And considering the two of us left there very full and happy for about $20, you just can't go wrong.",like
All the bread is made in-house!,like
The only downside is the service.,dislike
"Also, the fries are without a doubt the worst fries I've ever had.",dislike
Service was exceptional and food was a good as all the reviews.,like
"A couple of months later, I returned and had an amazing meal.",like
Favorite place in town for shawarrrrrrma!!!!!!,like
The black eyed peas and sweet potatoes... UNREAL!,like
You won't be disappointed.,like
"They could serve it with just the vinaigrette and it may make for a better overall dish, but it was still very good.",like
"I go to far too many places and I've never seen any restaurant that serves a 1 egg breakfast, especially for $4.00.",dislike
When my mom and I got home she immediately got sick and she only had a few bites of salad.,dislike
The servers are not pleasant to deal with and they don't always honor Pizza Hut coupons.,dislike
"Both of them were truly unbelievably good, and I am so glad we went back.",like
"We had fantastic service, and were pleased by the atmosphere.",like
Everything was gross.,dislike
I love this place.,like
Great service and food.,like
First - the bathrooms at this location were dirty- Seat covers were not replenished & just plain yucky!!!,dislike
"The burger... I got the ""Gold Standard"" a $17 burger and was kind of disappointed.",dislike
"OMG, the food was delicioso!",like
There is nothing authentic about this place.,dislike
the spaghetti is nothing special whatsoever.,dislike
"Of all the dishes, the salmon was the best, but all were great.",like
The vegetables are so fresh and the sauce feels like authentic Thai.,like
It's worth driving up from Tucson!,like
The selection was probably the worst I've seen in Vegas.....there was none.,dislike
Pretty good beer selection too.,like
"This place is like Chipotle, but BETTER.",like
"Classy/warm atmosphere, fun and fresh appetizers, succulent steaks (Baseball steak!!!!!",like
5 stars for the brick oven bread app!,like
"I have eaten here multiple times, and each time the food was delicious.",like
We sat another ten minutes and finally gave up and left.,dislike
He was terrible!,dislike
Everyone is treated equally special.,like
It shouldn't take 30 min for pancakes and eggs.,dislike
It was delicious!!!,like
"On the good side, the staff was genuinely pleasant and enthusiastic - a real treat.",like
"Sadly, Gordon Ramsey's Steak is a place we shall sharply avoid during our next trip to Vegas.",dislike
As always the evening was wonderful and the food delicious!,like
Best fish I've ever had in my life!,like
(The bathroom is just next door and very nice.),like
The buffet is small and all the food they offered was BLAND.,dislike
This is an Outstanding little restaurant with some of the Best Food I have ever tasted.,like
Pretty cool I would say.,like
Definitely a turn off for me & i doubt I'll be back unless someone else is buying.,dislike
Server did a great job handling our large rowdy table.,like
"I find wasting food to be despicable, but this just wasn't food.",dislike
My wife had the Lobster Bisque soup which was lukewarm.,dislike
Would come back again if I had a sushi craving while in Vegas.,like
"The staff are great, the ambiance is great.",like
He deserves 5 stars.,like
I left with a stomach ache and felt sick the rest of the day.,dislike
They dropped more than the ball.,dislike
"The dining space is tiny, but elegantly decorated and comfortable.",like
"They will customize your order any way you'd like, my usual is Eggplant with Green Bean stir fry, love it!",like
And the beans and rice were mediocre at best.,dislike
Best tacos in town by far!!,like
I took back my money and got outta there.,dislike
"In an interesting part of town, this place is amazing.",like
RUDE & INCONSIDERATE MANAGEMENT.,dislike
"The staff are now not as friendly, the wait times for being served are horrible, no one even says hi for the first 10 minutes.",dislike
I won't be back.,dislike
They have great dinners.,like
The service was outshining & I definitely recommend the Halibut.,like
The food was terrible.,dislike
WILL NEVER EVER GO BACK AND HAVE TOLD MANY PEOPLE WHAT HAD HAPPENED.,dislike
I don't recommend unless your car breaks down in front of it and you are starving.,dislike
I will come back here every time I'm in Vegas.,like
This place deserves one star and 90% has to do with the food.,dislike
This is a disgrace.,dislike
Def coming back to bowl next time,like
"If you want healthy authentic or ethic food, try this place.",like
I will continue to come here on ladies night andddd date night ... highly recommend this place to anyone who is in the area.,like
"I have been here several times in the past, and the experience has always been great.",like
We walked away stuffed and happy about our first Vegas buffet experience.,like
Service was excellent and prices are pretty reasonable considering this is Vegas and located inside the Crystals shopping mall by Aria.,like
"To summarize... the food was incredible, nay, transcendant... but nothing brings me joy quite like the memory of the pneumatic condiment dispenser.",like
I'm probably one of the few people to ever go to Ians and not like it.,dislike
Kids pizza is always a hit too with lots of great side dish options for the kiddos!,like
Service is perfect and the family atmosphere is nice to see.,like
Cooked to perfection and the service was impeccable.,like
This one is simply a disappointment.,dislike
"Overall, I was very disappointed with the quality of food at Bouchon.",dislike
I don't have to be an accountant to know I'm getting screwed!,dislike
"Great place to eat, reminds me of the little mom and pop shops in the San Francisco Bay Area.",like
Today was my first taste of a Buldogis Gourmet Hot Dog and I have to tell you it was more than I ever thought possible.,like
Left very frustrated.,dislike
I'll definitely be in soon again.,like
Food was really good and I got full petty fast.,like
Service was fantastic.,like
TOTAL WASTE OF TIME.,dislike
I don't know what kind it is but they have the best iced tea.,like
"Come hungry, leave happy and stuffed!",like
"For service, I give them no stars.",dislike
I can assure you that you won't be disappointed.,like
I can take a little bad service but the food sucks.,dislike
Gave up trying to eat any of the crust (teeth still sore).,dislike
But now I was completely grossed out.,dislike
I really enjoyed eating here.,like
First time going but I think I will quickly become a regular.,like
"Our server was very nice, and even though he looked a little overwhelmed with all of our needs, he stayed professional and friendly until the end.",like
From what my dinner companions told me...everything was very fresh with nice texture and taste.,like
"On the ground, right next to our table was a large, smeared, been-stepped-in-and-tracked-everywhere pile of green bird poop.",dislike
"Furthermore, you can't even find hours of operation on the website!",dislike
We've tried to like this place but after 10+ times I think we're done with them.,dislike
What a mistake that was!,dislike
No complaints!,like
This is some seriously good pizza and I'm an expert/connisseur on the topic.,like
Waiter was a jerk.,dislike
"Strike 2, who wants to be rushed.",dislike
These are the nicest restaurant owners I've ever come across.,like
I never come again.,dislike
We loved the biscuits!!!,like
Service is quick and friendly.,like
Ordered an appetizer and took 40 minutes and then the pizza another 10 minutes.,dislike
So absolutley fantastic.,like
It was a huge awkward 1.5lb piece of cow that was 3/4ths gristle and fat.,dislike
definitely will come back here again.,like
I like Steiners because it's dark and it feels like a bar.,like
Wow very spicy but delicious.,like
"If you're not familiar, check it out.",like
I'll take my business dinner dollars elsewhere.,dislike
I'd love to go back.,like
"Anyway, this FS restaurant has a wonderful breakfast/lunch.",like
Nothing special.,dislike
Each day of the week they have a different deal and it's all so delicious!,like
"Not to mention the combination of pears, almonds and bacon is a big winner!",like
Will not be back.,dislike
Sauce was tasteless.,dislike
"The food is delicious and just spicy enough, so be sure to ask for spicier if you prefer it that way.",like
My ribeye steak was cooked perfectly and had great mesquite flavor.,like
I don't think we'll be going back anytime soon.,dislike
Food was so gooodd.,like
I am far from a sushi connoisseur but I can definitely tell the difference between good food and bad food and this was certainly bad food.,dislike
I was so insulted.,dislike
The last 3 times I had lunch here has been bad.,dislike
The chicken wings contained the driest chicken meat I have ever eaten.,dislike
"The food was very good and I enjoyed every mouthful, an enjoyable relaxed venue for couples small family groups etc.",like
Nargile - I think you are great.,like
Best tater tots in the southwest.,like
We loved the place.,like
Definitely not worth the $3 I paid.,dislike
The vanilla ice cream was creamy and smooth while the profiterole (choux) pastry was fresh enough.,like
Im in AZ all the time and now have my new spot.,like
The manager was the worst.,dislike
The inside is really quite nice and very clean.,like
The food was outstanding and the prices were very reasonable.,like
I don't think I'll be running back to Carly's anytime soon for food.,dislike
"This is was due to the fact that it took 20 minutes to be acknowledged, then another 35 minutes to get our food...and they kept forgetting things.",dislike
"Love the margaritas, too!",like
This was my first and only Vegas buffet and it did not disappoint.,like
"Very good, though!",like
The one down note is the ventilation could use some upgrading.,dislike
Great pork sandwich.,like
Don't waste your time here.,dislike
"Total letdown, I would much rather just go to the Camelback Flower Shop and Cartel Coffee.",dislike
"Third, the cheese on my friend's burger was cold.",dislike
We enjoy their pizza and brunch.,like
The steaks are all well trimmed and also perfectly cooked.,like
We had a group of 70+ when we claimed we would only have 40 and they handled us beautifully.,like
I LOVED it!,like
We asked for the bill to leave without eating and they didn't bring that either.,dislike
"This place is a jewel in Las Vegas, and exactly what I've been hoping to find in nearly ten years living here.",like
Seafood was limited to boiled shrimp and crab legs but the crab legs definitely did not taste fresh.,dislike
The selection of food was not the best.,dislike
Delicious and I will absolutely be back!,like
"This isn't a small family restaurant, this is a fine dining establishment.",like
They had a toro tartare with a cavier that was extraordinary and I liked the thinly sliced wagyu with white truffle.,like
I dont think I will be back for a very long time.,dislike
"It was attached to a gas station, and that is rarely a good sign.",dislike
How awesome is that.,like
I will be back many times soon.,like
The menu had so much good stuff on it i could not decide!,like
"Worse of all, he humiliated his worker right in front of me..Bunch of horrible name callings.",dislike
CONCLUSION: Very filling meals.,like
Their daily specials are always a hit with my group.,like
And then tragedy struck.,dislike
The pancake was also really good and pretty large at that.,like
"This was my first crawfish experience, and it was delicious!",like
Their monster chicken fried steak and eggs is my all time favorite.,like
Waitress was sweet and funny.,like
"I also had to taste my Mom's multi-grain pumpkin pancakes with pecan butter and they were amazing, fluffy, and delicious!",like
"I'd rather eat airline food, seriously.",dislike
Cant say enough good things about this place.,like
The ambiance was incredible.,like
The waitress and manager are so friendly.,like
I would not recommend this place.,dislike
Overall I wasn't very impressed with Noca.,dislike
My gyro was basically lettuce only.,dislike
Terrible service!,dislike
Thoroughly disappointed!,dislike
"I don't each much pasta, but I love the homemade /hand made pastas and thin pizzas here.",like
"Give it a try, you will be happy you did.",like
By far the BEST cheesecurds we have ever had!,like
Reasonably priced also!,like
Everything was perfect the night we were in.,like
The food is very good for your typical bar food.,like
it was a drive to get there.,dislike
"At first glance it is a lovely bakery cafe - nice ambiance, clean, friendly staff.",like
"Anyway, I do not think i will go back there.",dislike
"Point your finger at any item on the menu, order it and you won't be disappointed.",like
"Oh this is such a thing of beauty, this restaurant.",like
If you haven't gone here GO NOW!,like
"A greasy, unhealthy meal.",dislike
first time there and might just be the last.,dislike
Those burgers were amazing.,like
"Similarly, the delivery man did not say a word of apology when our food was 45 minutes late.",dislike
And it was way to expensive.,dislike
"Be sure to order dessert, even if you need to pack it to-go - the tiramisu and cannoli are both to die for.",like
This was my first time and I can't wait until the next.,like
The bartender was also nice.,like
Everything was good and tasty!,like
This place is two thumbs up....way up.,like
"The best place in Vegas for breakfast (just check out a Sat, or Sun.",like
"If you love authentic Mexican food and want a whole bunch of interesting, yet delicious meats to choose from, you need to try this place.",like
Terrible management.,dislike
An excellent new restaurant by an experienced Frenchman.,like
If there were zero stars I would give it zero stars.,dislike
"Great steak, great sides, great wine, amazing desserts.",like
Worst martini ever!,dislike
The steak and the shrimp are in my opinion the best entrees at GC.,like
I had the opportunity today to sample your amazing pizzas!,like
We waited for thirty minutes to be seated (although there were 8 vacant tables and we were the only folks waiting).,dislike
The yellowtail carpaccio was melt in your mouth fresh.,like
I won't try going back there even if it's empty.,dislike
"No, I'm going to eat the potato that I found some strangers hair in it.",dislike
Just spicy enough.. Perfect actually.,like
Last night was my second time dining here and I was so happy I decided to go back!,like
"not even a ""hello, we will be right with you.""",dislike
The desserts were a bit strange.,dislike
My boyfriend and I came here for the first time on a recent trip to Vegas and could not have been more pleased with the quality of food and service.,like
"I really do recommend this place, you can go wrong with this donut place!",like
Nice ambiance.,like
I would recommend saving room for this!,like
I guess maybe we went on an off night but it was disgraceful.,dislike
"However, my recent experience at this particular location was not so good.",dislike
"I know this is not like the other restaurants at all, something is very off here!",dislike
AVOID THIS ESTABLISHMENT!,dislike
I think this restaurant suffers from not trying hard enough.,dislike
All of the tapas dishes were delicious!,like
I *heart* this place.,like
My salad had a bland vinegrette on the baby greens and hearts of Palm.,dislike
After two I felt disgusting.,dislike
A good time!,like
I believe that this place is a great stop for those with a huge belly and hankering for sushi.,like
Generous portions and great taste.,like
I will never go back to this place and will never ever recommended this place to anyone!,dislike
"The servers went back and forth several times, not even so much as an ""Are you being helped?""",dislike
Food was delicious!,like
AN HOUR... seriously?,dislike
I consider this theft.,dislike
Eew... This location needs a complete overhaul.,dislike
We recently witnessed her poor quality of management towards other guests as well.,dislike
Waited and waited and waited.,dislike
"He also came back to check on us regularly, excellent service.",like
Our server was super nice and checked on us many times.,like
"The pizza tasted old, super chewy in not a good way.",dislike
I swung in to give them a try but was deeply disappointed.,dislike
Service was good and the company was better!,like
The staff are also very friendly and efficient.,like
"As for the service: I'm a fan, because it's quick and you're being served by some nice folks.",like
Boy was that sucker dry!!.,dislike
Over rated.,dislike
"If you look for authentic Thai food, go else where.",dislike
Their steaks are 100% recommended!,like
After I pulled up my car I waited for another 15 minutes before being acknowledged.,dislike
Great food and great service in a clean and friendly setting.,like
"All in all, I can assure you I'll be back.",like
I hate those things as much as cheap quality black olives.,dislike
"My breakfast was perpared great, with a beautiful presentation of 3 giant slices of Toast, lightly dusted with powdered sugar.",like
The kids play area is NASTY!,dislike
Great place fo take out or eat in.,like
The waitress was friendly and happy to accomodate for vegan/veggie options.,like
OMG I felt like I had never eaten Thai food until this dish.,like
"It was extremely ""crumby"" and pretty tasteless.",dislike
It was a pale color instead of nice and char and has NO flavor.,dislike
The croutons also taste homemade which is an extra plus.,like
I got home to see the driest damn wings ever!,dislike
It'll be a regular stop on my trips to Phoenix!,like
I really enjoyed Crema Café before they expanded. I even told friends they had the BEST breakfast.,like
Not good for the money.,dislike
I miss it and wish they had one in Philadelphia!,like
"We got sitting fairly fast, but, ended up waiting 40 minutes just to place our order, another 30 minutes before the food arrived.",dislike
They also have the best cheese crisp in town.,like
"Good value, great food, great service.",like
Couldn't ask for a more satisfying meal.,like
The food is good.,like
It was awesome.,like
I just wanted to leave.,dislike
We made the drive all the way from North Scottsdale... and I was not one bit disappointed!,like
I will not be eating there again.,dislike
!....THE OWNERS REALLY REALLY need to quit being soooooo cheap let them wrap my freaking sandwich in two papers not one!,dislike
I checked out this place a couple years ago and was not impressed.,dislike
"The chicken I got was definitely reheated and was only ok, the wedges were cold and soggy.",dislike
"Sorry, I will not be getting food from here anytime soon :(",dislike
An absolute must visit!,like
The cow tongue and cheek tacos are amazing.,like
My friend did not like his Bloody Mary.,dislike
"Despite how hard I rate businesses, its actually rare for me to give a 1 star.",dislike
They really want to make your experience a good one.,like
I will not return.,dislike
I had the chicken Pho and it tasted very bland.,dislike
Very disappointing!!!,dislike
The grilled chicken was so tender and yellow from the saffron seasoning.,like
"a drive thru means you do not want to wait around for half an hour for your food, but somehow when we end up going here they make us wait and wait.",dislike
Pretty awesome place.,like
Ambience is perfect.,like
Best of luck to the rude and non-customer service focused new management.,dislike
Any grandmother can make a roasted chicken better than this one.,dislike
I asked multiple times for the wine list and after some time of being ignored I went to the hostess and got one myself.,dislike
"The staff is always super friendly and helpful, which is especially cool when you bring two small boys and a baby!",like
Four stars for the food & the guy in the blue shirt for his great vibe & still letting us in to eat !,like
The roast beef sandwich tasted really good!,like
"Same evening, him and I are both drastically sick.",dislike
High-quality chicken on the chicken Caesar salad.,like
Ordered burger rare came in we'll done.,dislike
We were promptly greeted and seated.,like
Tried to go here for lunch and it was a madhouse.,dislike
"I was proven dead wrong by this sushi bar, not only because the quality is great, but the service is fast and the food, impeccable.",like
"After waiting an hour and being seated, I was not in the greatest of moods.",dislike
This is a good joint.,like
The Macarons here are insanely good.,like
I'm not eating here!,dislike
"Our waiter was very attentive, friendly, and informative.",like
Maybe if they weren't cold they would have been somewhat edible.,dislike
This place has a lot of promise but fails to deliver.,dislike
Very bad Experience!,dislike
What a mistake.,dislike
Food was average at best.,dislike
Great food.,like
We won't be going back anytime soon!,dislike
Very Very Disappointed ordered the $35 Big Bay Plater.,dislike
Great place to relax and have an awesome burger and beer.,like
It is PERFECT for a sit-down family meal or get together with a few friends.,like
"Not much flavor to them, and very poorly constructed.",dislike
The patio seating was very comfortable.,like
The fried rice was dry as well.,dislike
Hands down my favorite Italian restaurant!,like
"That just SCREAMS ""LEGIT"" in my book...somethat's also pretty rare here in Vegas.",like
It was just not a fun experience.,like
The atmosphere was great with a lovely duo of violinists playing songs we requested.,like
"I personally love the hummus, pita, baklava, falafels and Baba Ganoush (it's amazing what they do with eggplant!).",like
"Very convenient, since we were staying at the MGM!",like
The owners are super friendly and the staff is courteous.,like
Both great!,like
Eclectic selection.,like
The sweet potato tots were good but the onion rings were perfection or as close as I have had.,like
The staff was very attentive.,like
And the chef was generous with his time (even came around twice so we can take pictures with him).,like
"The owner used to work at Nobu, so this place is really similar for half the price.",like
Google mediocre and I imagine Smashburger will pop up.,dislike
dont go here.,dislike
I promise they won't disappoint.,like
As a sushi lover avoid this place by all means.,dislike
What a great double cheeseburger!,like
Awesome service and food.,like
A fantastic neighborhood gem !!!,like
I can't wait to go back.,like
The plantains were the worst I've ever tasted.,dislike
It's a great place and I highly recommend it.,like
Service was slow and not attentive.,dislike
"I gave it 5 stars then, and I'm giving it 5 stars now.",like
Your staff spends more time talking to themselves than me.,dislike
Dessert: Panna Cotta was amazing.,like
"Very good food, great atmosphere.1",like
Damn good steak.,like
Total brunch fail.,dislike
"Prices are very reasonable, flavors are spot on, the sauce is home made, and the slaw is not drenched in mayo.",like
"The decor is nice, and the piano music soundtrack is pleasant.",like
The steak was amazing...rge fillet relleno was the best seafood plate i have ever had!,like
"Good food , good service .",like
It was absolutely amazing.,like
"I probably won't be back, to be honest.",dislike
will definitely be back!,like
The sergeant pepper beef sandwich with auju sauce is an excellent sandwich as well.,like
"Hawaiian Breeze, Mango Magic, and Pineapple Delight are the smoothies that I've tried so far and they're all good.",like
Went for lunch - service was slow.,dislike
"We had so much to say about the place before we walked in that he expected it to be amazing, but was quickly disappointed.",dislike
I was mortified.,dislike
"Needless to say, we will never be back here again.",dislike
"Anyways, The food was definitely not filling at all, and for the price you pay you should expect more.",dislike
"The chips that came out were dripping with grease, and mostly not edible.",dislike
I wasn't really impressed with Strip Steak.,dislike
Have been going since 2007 and every meal has been awesome!!,like
Our server was very nice and attentive as were the other serving staff.,like
The cashier was friendly and even brought the food out to me.,like
I work in the hospitality industry in Paradise Valley and have refrained from recommending Cibo any longer.,dislike
The atmosphere here is fun.,like
Would not recommend to others.,dislike
"Service is quick and even ""to go"" orders are just like we like it!",like
"I mean really, how do you get so famous for your fish and chips when it's so terrible!?!",dislike
"That said, our mouths and bellies were still quite pleased.",like
Not my thing.,dislike
2 Thumbs Up!!,like
If you are reading this please don't go there.,dislike
"I loved the grilled pizza, reminded me of legit Italian pizza.",like
Only Pros : Large seating area/ Nice bar area/ Great simple drink menu/ The BEST brick oven pizza with homemade dough!,like
They have a really nice atmosphere.,like
Tonight I had the Elk Filet special...and it sucked.,dislike
"After one bite, I was hooked.",like
We ordered some old classics and some new dishes after going there a few times and were sorely disappointed with everything.,dislike
"Cute, quaint, simple, honest.",like
The chicken was deliciously seasoned and had the perfect fry on the outside and moist chicken on the inside.,like
"The food was great as always, compliments to the chef.",like
Special thanks to Dylan T. for the recommendation on what to order :) All yummy for my tummy.,like
Awesome selection of beer.,like
Great food and awesome service!,like
"One nice thing was that they added gratuity on the bill since our party was larger than 6 or 8, and they didn't expect more tip than that.",like
A FLY was in my apple juice.. A FLY!!!!!!!!,dislike
The Han Nan Chicken was also very tasty.,like
"As for the service, I thought it was good.",like
"The food was barely lukewarm, so it must have been sitting waiting for the server to bring it out to us.",dislike
Ryan's Bar is definitely one Edinburgh establishment I won't be revisiting.,dislike
Nicest Chinese restaurant I've been in a while.,like
"Overall, I like there food and the service.",like
They also now serve Indian naan bread with hummus and some spicy pine nut sauce that was out of this world.,like
"Probably never coming back, and wouldn't recommend it.",dislike
"Friend's pasta -- also bad, he barely touched it.",dislike
"Try them in the airport to experience some tasty food and speedy, friendly service.",like
I love the decor with the Chinese calligraphy wall paper.,like
Never had anything to complain about here.,like
The restaurant is very clean and has a family restaurant feel to it.,like
It was way over fried.,dislike
I'm not sure how long we stood there but it was long enough for me to begin to feel awkwardly out of place.,dislike
"When I opened the sandwich, I was impressed, but not in a good way.",dislike
Will not be back!,dislike
There was a warm feeling with the service and I felt like their guest for a special treat.,like
An extensive menu provides lots of options for breakfast.,like
"I always order from the vegetarian menu during dinner, which has a wide array of options to choose from.",like
"I have watched their prices inflate, portions get smaller and management attitudes grow rapidly!",dislike
Wonderful lil tapas and the ambience made me feel all warm and fuzzy inside.,like
"I got to enjoy the seafood salad, with a fabulous vinegrette.",like
"The wontons were thin, not thick and chewy, almost melt in your mouth.",like
"Level 5 spicy was perfect, where spice didn't over-whelm the soup.",like
We were sat right on time and our server from the get go was FANTASTIC!,like
"Main thing I didn't enjoy is that the crowd is of older crowd, around mid 30s and up.",dislike
"When I'm on this side of town, this will definitely be a spot I'll hit up again!",like
I had to wait over 30 minutes to get my drink and longer to get 2 arepas.,dislike
This is a GREAT place to eat!,like
The jalapeno bacon is soooo good.,like
The service was poor and thats being nice.,dislike
"Food was good, service was good, Prices were good.",like
The place was not clean and the food oh so stale!,dislike
"The chicken dishes are OK, the beef is like shoe leather.",dislike
But the service was beyond bad.,dislike
"I'm so happy to be here!!!""",like
Tasted like dirt.,dislike
One of the few places in Phoenix that I would definately go back to again .,like
The block was amazing.,like
"It's close to my house, it's low-key, non-fancy, affordable prices, good food.",like
* Both the Hot & Sour & the Egg Flower Soups were absolutely 5 Stars!,like
My sashimi was poor quality being soggy and tasteless.,dislike
Great time - family dinner on a Sunday night.,like
"the food is not tasty at all, not to say its ""real traditional Hunan style"".",dislike
"What did bother me, was the slow service.",dislike
The flair bartenders are absolutely amazing!,like
Their frozen margaritas are WAY too sugary for my taste.,dislike
These were so good we ordered them twice.,like
So in a nutshell: 1) The restaraunt smells like a combination of a dirty fish market and a sewer.,dislike
My girlfriend's veal was very bad.,dislike
"Unfortunately, it was not good.",dislike
I had a pretty satifying experience.,like
Join the club and get awesome offers via email.,like
"Perfect for someone (me) who only likes beer ice cold, or in this case, even colder.",like
Bland and flavorless is a good way of describing the barely tepid meat.,dislike
"The chains, which I'm no fan of, beat this place easily.",dislike
The nachos are a MUST HAVE!,like
We will not be coming back.,dislike
"I don't have very many words to say about this place, but it does everything pretty well.",like
"The staff is super nice and very quick even with the crazy crowds of the downtown juries, lawyers, and court staff.",like
"Great atmosphere, friendly and fast service.",like
When I received my Pita it was huge it did have a lot of meat in it so thumbs up there.,like
Once your food arrives it's meh.,dislike
Paying $7.85 for a hot dog and fries that looks like it came out of a kid's meal at the Wienerschnitzel is not my idea of a good meal.,dislike
The classic Maine Lobster Roll was fantastic.,like
"My brother in law who works at the mall ate here same day, and guess what he was sick all night too.",dislike
So good I am going to have to review this place twice - once hereas a tribute to the place and once as a tribute to an event held here last night.,like
"The chips and salsa were really good, the salsa was very fresh.",like
This place is great!!!!!!!!!!!!!!,like
Mediocre food.,dislike
Once you get inside you'll be impressed with the place.,like
I'm super pissd.,dislike
And service was super friendly.,like
Why are these sad little vegetables so overcooked?,dislike
This place was such a nice surprise!,like
They were golden-crispy and delicious.,like
"I had high hopes for this place since the burgers are cooked over a charcoal grill, but unfortunately the taste fell flat, way flat.",dislike
I could eat their bruschetta all day it is devine.,like
Not a single employee came out to see if we were OK or even needed a water refill once they finally served us our food.,dislike
"Lastly, the mozzarella sticks, they were the best thing we ordered.",like
"The first time I ever came here I had an amazing experience, I still tell people how awesome the duck was.",like
The server was very negligent of our needs and made us feel very unwelcome... I would not suggest this place!,dislike
The service was terrible though.,dislike
"This place is overpriced, not consistent with their boba, and it really is OVERPRICED!",dislike
It was packed!!,dislike
I love this place.,like
I can say that the desserts were yummy.,like
The food was terrible.,dislike
The seasonal fruit was fresh white peach puree.,like
It kept getting worse and worse so now I'm officially done.,dislike
This place should honestly be blown up.,dislike
But I definitely would not eat here again.,dislike
Do not waste your money here!,dislike
I love that they put their food in nice plastic containers as opposed to cramming it in little paper takeout boxes.,like
The crêpe was delicate and thin and moist.,like
Awful service.,dislike
Won't ever go here again.,dislike
Food quality has been horrible.,dislike
For that price I can think of a few place I would have much rather gone.,dislike
The service here is fair at best.,dislike
"I do love sushi, but I found Kabuki to be over-priced, over-hip and under-services.",dislike
Do yourself a favor and stay away from this dish.,dislike
Very poor service.,dislike
No one at the table thought the food was above average or worth the wait that we had for it.,dislike
"Best service and food ever, Maria our server was so good and friendly she made our day.",like
They were excellent.,like
I paid the bill but did not tip because I felt the server did a terrible job.,dislike
Just had lunch here and had a great experience.,like
I have never had such bland food which surprised me considering the article we read focused so much on their spices and flavor.,dislike
Food is way overpriced and portions are fucking small.,dislike
I recently tried Caballero's and I have been back every week since!,like
"for 40 bucks a head, i really expect better food.",dislike
The food came out at a good pace.,like
"I ate there twice on my last visit, and especially enjoyed the salmon salad.",like
I won't be back.,dislike
We could not believe how dirty the oysters were!,dislike
This place deserves no stars.,dislike
I would not recommend this place.,dislike
"In fact I'm going to round up to 4 stars, just because she was so awesome.",like
"To my disbelief, each dish qualified as the worst version of these foods I have ever tasted.",dislike
"Bad day or not, I have a very low tolerance for rude customer service people, it is your job to be nice and polite, wash dishes otherwise!!",dislike
the potatoes were great and so was the biscuit.,like
I probably would not go here again.,dislike
So flavorful and has just the perfect amount of heat.,like
The price is reasonable and the service is great.,like
"The Wife hated her meal (coconut shrimp), and our friends really did not enjoy their meals, either.",dislike
My fella got the huevos rancheros and they didn't look too appealing.,dislike
"Went in for happy hour, great list of wines.",like
Some may say this buffet is pricey but I think you get what you pay for and this place you are getting quite a lot!,like
I probably won't be coming back here.,dislike
Worst food/service I've had in a while.,dislike
"This place is pretty good, nice little vibe in the restaurant.",like
Talk about great customer service of course we will be back.,like
"Hot dishes are not hot, cold dishes are close to room temp.I watched staff prepare food with BARE HANDS, no gloves.Everything is deep fried in oil.",dislike
I love their fries and their beans.,like
Always a pleasure dealing with him.,like
"They have a plethora of salads and sandwiches, and everything I've tried gets my seal of approval.",like
This place is awesome if you want something light and healthy during the summer.,like
"For sushi on the Strip, this is the place to go.",like
"The service was great, even the manager came and helped with our table.",like
The feel of the dining room was more college cooking course than high class dining and the service was slow at best.,dislike
"I started this review with two stars, but I'm editing it to give it only one.",dislike
this is the worst sushi i have ever eat besides Costco's.,dislike
"All in all an excellent restaurant highlighted by great service, a unique menu, and a beautiful setting.",like
My boyfriend and i sat at the bar and had a completely delightful experience.,like
Weird vibe from owners.,dislike
There was hardly any meat.,dislike
I've had better bagels from the grocery store.,dislike
Go To Place for Gyros.,like
"I love the owner/chef, his one authentic Japanese cool dude!",like
"Now the burgers aren't as good, the pizza which used to be amazing is doughy and flavorless.",dislike
I found a six inch long piece of wire in my salsa.,dislike
"The service was terrible, food was mediocre.",dislike
We definately enjoyed ourselves.,like
I ordered Albondigas soup - which was just warm - and tasted like tomato soup with frozen meatballs.,dislike
"On three different occasions I asked for well done or medium well, and all three times I got the bloodiest piece of meat on my plate.",dislike
I had about two bites and refused to eat anymore.,dislike
The service was extremely slow.,dislike
"After 20 minutes wait, I got a table.",dislike
Seriously killer hot chai latte.,like
"No allergy warnings on the menu, and the waitress had absolutely no clue as to which meals did or did not contain peanuts.",dislike
My boyfriend tried the Mediterranean Chicken Salad and fell in love.,like
Their rotating beers on tap is also a highlight of this place.,like
Pricing is a bit of a concern at Mellow Mushroom.,dislike
Worst Thai ever.,dislike
If you stay in Vegas you must get breakfast here at least once.,like
I want to first say our server was great and we had perfect service.,like
The pizza selections are good.,like
"I had strawberry tea, which was good.",like
Highly unprofessional and rude to a loyal patron!,dislike
"Overall, a great experience.",like
Spend your money elsewhere.,dislike
Their regular toasted bread was equally satisfying with the occasional pats of butter... Mmmm...!,like
The Buffet at Bellagio was far from what I anticipated.,dislike
"And the drinks are WEAK, people!",dislike
#NAME?,dislike
"Also, I feel like the chips are bought, not made in house.",dislike
After the disappointing dinner we went elsewhere for dessert.,dislike
The chips and sals a here is amazing!!!!!!!!!!!!!!!!!!!,like
We won't be returning.,dislike
This is my new fav Vegas buffet spot.,like
I seriously cannot believe that the owner has so many unexperienced employees that all are running around like chickens with their heads cut off.,dislike
"Very, very sad.",dislike
"i felt insulted and disrespected, how could you talk and judge another human being like that?",dislike
"How can you call yourself a steakhouse if you can't properly cook a steak, I don't understand!",dislike
I'm not impressed with the concept or the food.,dislike
The only thing I wasn't too crazy about was their guacamole as I don't like it puréed.,dislike
"There is really nothing for me at postinos, hope your experience is better",dislike
I got food poisoning here at the buffet.,dislike
They brought a fresh batch of fries and I was thinking yay something warm but no!,dislike
"What SHOULD have been a hilarious, yummy Christmas Eve dinner to remember was the biggest fail of the entire trip for us.",dislike
"Needless to say, I won't be going back anytime soon.",dislike
This place is disgusting!,dislike
"Every time I eat here, I see caring teamwork to a professional degree.",like
The RI style calamari was a joke.,dislike
"However, there was so much garlic in the fondue, it was barely edible.",dislike
"I could barely stomach the meal, but didn't complain because it was a business lunch.",dislike
"It was so bad, I had lost the heart to finish it.",dislike
It also took her forever to bring us the check when we asked for it.,dislike
We aren't ones to make a scene at restaurants but I just don't get it...definitely lost the love after this one!,dislike
Disappointing experience.,dislike
"The food is about on par with Denny's, which is to say, not good at all.",dislike
"If you want to wait for mediocre food and downright terrible service, then this is the place for you.",dislike
WAAAAAAyyyyyyyyyy over rated is all I am saying.,dislike
We won't be going back.,dislike
The place was fairly clean but the food simply wasn't worth it.,dislike
This place lacked style!!,dislike
"The sangria was about half of a glass wine full and was $12, ridiculous.",dislike
Don't bother coming here.,dislike
"The meat was pretty dry, I had the sliced brisket and pulled pork.",dislike
"The building itself seems pretty neat, the bathroom is pretty trippy, but I wouldn't eat here again.",dislike
It was equally awful.,dislike
Probably not in a hurry to go back.,dislike
very slow at seating even with reservation.,dislike
Not good by any stretch of the imagination.,dislike
The cashew cream sauce was bland and the vegetables were undercooked.,dislike
"The chipolte ranch dipping sause was tasteless, seemed thin and watered down with no heat.",dislike
"It was a bit too sweet, not really spicy enough, and lacked flavor.",dislike
I was VERY disappointed!!,dislike
This place is horrible and way overpriced.,dislike
"Maybe it's just their Vegetarian fare, but I've been twice and I thought it was average at best.",dislike
It wasn't busy at all and now we know why.,dislike
The tables outside are also dirty a lot of the time and the workers are not always friendly and helpful with the menu.,dislike
"The ambiance here did not feel like a buffet setting, but more of a douchey indoor garden for tea and biscuits.",dislike
Con: spotty service.,dislike
"The fries were not hot, and neither was my burger.",dislike
But then they came back cold.,dislike
"Then our food came out, disappointment ensued.",dislike
The real disappointment was our waiter.,dislike
My husband said she was very rude... did not even apologize for the bad food or anything.,dislike
The only reason to eat here would be to fill up before a night of binge drinking just to get some carbs in your stomach.,dislike
"Insults, profound deuchebaggery, and had to go outside for a smoke break while serving just to solidify it.",dislike
If someone orders two tacos don't' you think it may be part of customer service to ask if it is combo or ala cart?,dislike
She was quite disappointed although some blame needs to be placed at her door.,dislike
After all the rave reviews I couldn't wait to eat here......what a disappointment!,dislike
Del Taco is pretty nasty and should be avoided if possible.,dislike
It's NOT hard to make a decent hamburger.,dislike
But I don't like it.,dislike
Hell no will I go back,dislike
We've have gotten a much better service from the pizza place next door than the services we received from this restaurant.,dislike
"I don't know what the big deal is about this place, but I won't be back ""ya'all"".",dislike
I immediately said I wanted to talk to the manager but I did not want to talk to the guy who was doing shots of fireball behind the bar.,dislike
The ambiance isn't much better.,dislike
"Unfortunately, it only set us up for disapppointment with our entrees.",dislike
The food wasn't good.,dislike
"Your servers suck, wait, correction, our server Heimer sucked.",dislike
What happened next was pretty....off putting.,dislike
"too bad cause I know it's family owned, I really wanted to like this place.",dislike
Overpriced for what you are getting.,dislike
I vomited in the bathroom mid lunch.,dislike
"I kept looking at the time and it had soon become 35 minutes, yet still no food.",dislike
"I have been to very few places to eat that under no circumstances would I ever return to, and this tops the list.",dislike
We started with the tuna sashimi which was brownish in color and obviously wasn't fresh.,dislike
Food was below average.,dislike
It sure does beat the nachos at the movies but I would expect a little bit more coming from a restaurant.,dislike
"All in all, Ha Long Bay was a bit of a flop.",dislike
The problem I have is that they charge $11.99 for a sandwich that is no bigger than a Subway sub (which offers better and more amount of vegetables).,dislike
Shrimp- When I unwrapped it (I live only 1/2 a mile from Brushfire) it was literally ice cold.,dislike
"It lacked flavor, seemed undercooked, and dry.",dislike
It really is impressive that the place hasn't closed down.,dislike
I would avoid this place if you are staying in the Mirage.,dislike
The refried beans that came with my meal were dried out and crusty and the food was bland.,dislike
Spend your money and time some place else.,dislike
A lady at the table next to us found a live green caterpillar In her salad.,dislike
the presentation of the food was awful.,dislike
I can't tell you how disappointed I was.,dislike
I think food should have flavor and texture and both were lacking.,dislike
Appetite instantly gone.,dislike
Overall I was not impressed and would not go back.,dislike
"The whole experience was underwhelming, and I think we'll just go to Ninja Sushi next time.",dislike
"Then, as if I hadn't wasted enough of my life there, they poured salt in the wound by drawing out the time it took to bring the check.",dislike
